<?xml version="1.0"?>
<ArrayOfReveiw xmlns:xsi="http://www.w3.org/2001/XMLSchema-instance" xmlns:xsd="http://www.w3.org/2001/XMLSchema">
  <Reveiw>
    <Name>sf</Name>
    <Text>df</Text>
    <Date>2017-12-15T00:00:00+02:00</Date>
  </Reveiw>
  <Reveiw>
    <Name>alex</Name>
    <Text>some text</Text>
    <Date>2017-12-15T00:00:00+02:00</Date>
  </Reveiw>
  <Reveiw>
    <Name>sadas</Name>
    <Text>sadas</Text>
    <Date>2017-12-15T00:00:00+02:00</Date>
  </Reveiw>
  <Reveiw>
    <Name>xcxc</Name>
    <Text>xcxcxcxa</Text>
    <Date>2017-12-15T00:00:00+02:00</Date>
  </Reveiw>
  <Reveiw>
    <Name>Alex</Name>
    <Text>Good Blog!!</Text>
    <Date>2017-12-15T00:00:00+02:00</Date>
  </Reveiw>
  <Reveiw>
    <Name>SomeGuest</Name>
    <Text>Good!</Text>
    <Date>2017-12-18T00:00:00+02:00</Date>
  </Reveiw>
</ArrayOfReveiw>